<?xml version="1.0" encoding="UTF-8"?>
<feature
      id="org.eclipse.equinox.p2.core.feature"
      label="%featureName"
      version="1.6.1000.v20210331-1610"
      provider-name="%providerName">

   <description>
      %description
   </description>

   <copyright>
      %copyright
   </copyright>

   <license url="%licenseURL">
      %license
   </license>

   <requires>
      <import feature="org.eclipse.ecf.core.feature" version="1.4.0" match="compatible"/>
      <import feature="org.eclipse.ecf.core.ssl.feature" version="1.1.0" match="compatible"/>
      <import feature="org.eclipse.ecf.filetransfer.feature" version="3.13.7" match="compatible"/>
      <import feature="org.eclipse.ecf.filetransfer.httpclient45.feature" version="1.0.0" match="compatible"/>
      <import feature="org.eclipse.ecf.filetransfer.ssl.feature" version="1.1.0" match="compatible"/>
   </requires>

   <plugin
         id="org.eclipse.equinox.p2.artifact.repository"
         download-size="153"
         install-size="336"
         version="1.4.100.v20210326-1056"
         unpack="false"/>

   <plugin
         id="org.eclipse.equinox.p2.console"
         download-size="28"
         install-size="62"
         version="1.2.0.v20210315-2042"
         unpack="false"/>

   <plugin
         id="org.eclipse.equinox.p2.core"
         download-size="75"
         install-size="138"
         version="2.7.0.v20210315-2042"
         unpack="false"/>

   <plugin
         id="org.eclipse.equinox.p2.director"
         download-size="107"
         install-size="248"
         version="2.5.0.v20210325-0750"
         unpack="false"/>

   <plugin
         id="org.eclipse.equinox.p2.engine"
         download-size="206"
         install-size="463"
         version="2.7.0.v20210328-0514"
         unpack="false"/>

   <plugin
         id="org.eclipse.equinox.p2.garbagecollector"
         download-size="24"
         install-size="44"
         version="1.2.0.v20210316-1209"
         unpack="false"/>

   <plugin
         id="org.eclipse.equinox.p2.metadata"
         download-size="354"
         install-size="789"
         version="2.6.0.v20210331-1610"
         unpack="false"/>

   <plugin
         id="org.eclipse.equinox.p2.metadata.repository"
         download-size="130"
         install-size="287"
         version="1.4.0.v20210315-2228"
         unpack="false"/>

   <plugin
         id="org.eclipse.equinox.p2.repository"
         download-size="139"
         install-size="281"
         version="2.5.100.v20210329-1206"
         unpack="false"/>

   <plugin
         id="org.eclipse.equinox.p2.touchpoint.eclipse"
         download-size="128"
         install-size="279"
         version="2.3.0.v20210315-2228"
         unpack="false"/>

   <plugin
         id="org.eclipse.equinox.p2.touchpoint.natives"
         download-size="80"
         install-size="162"
         version="1.4.0.v20210326-2048"
         unpack="false"/>

   <plugin
         id="org.eclipse.equinox.simpleconfigurator.manipulator"
         download-size="26"
         install-size="49"
         version="2.2.0.v20210315-2228"
         unpack="false"/>

   <plugin
         id="org.sat4j.core"
         download-size="367"
         install-size="704"
         version="2.3.5.v201308161310"
         unpack="false"/>

   <plugin
         id="org.sat4j.pb"
         download-size="244"
         install-size="504"
         version="2.3.5.v201404071733"
         unpack="false"/>

   <plugin
         id="org.eclipse.equinox.frameworkadmin"
         download-size="36"
         install-size="67"
         version="2.2.0.v20210315-2042"
         unpack="false"/>

   <plugin
         id="org.eclipse.equinox.frameworkadmin.equinox"
         download-size="66"
         install-size="141"
         version="1.2.0.v20210315-2042"
         unpack="false"/>

   <plugin
         id="org.eclipse.equinox.preferences"
         download-size="133"
         install-size="274"
         version="3.8.200.v20210212-1143"
         unpack="false"/>

   <plugin
         id="org.eclipse.equinox.security"
         download-size="110"
         install-size="230"
         version="1.3.600.v20210126-1005"
         unpack="false"/>

   <plugin
         id="org.eclipse.equinox.p2.jarprocessor"
         download-size="73"
         install-size="124"
         version="1.2.0.v20210325-0758"
         unpack="false"/>

   <plugin
         id="org.eclipse.equinox.p2.transport.ecf"
         download-size="43"
         install-size="89"
         version="1.3.100.v20210329-1206"
         unpack="false"/>

   <plugin
         id="org.eclipse.equinox.p2.operations"
         download-size="74"
         install-size="172"
         version="2.6.0.v20210315-2228"
         unpack="false"/>

   <plugin
         id="org.eclipse.equinox.security.macosx"
         os="macosx"
         download-size="28"
         install-size="165"
         version="1.101.400.v20210326-2149"
         fragment="true"
         unpack="false"/>

   <plugin
         id="org.eclipse.equinox.security.linux.x86_64"
         os="linux"
         arch="x86_64"
         download-size="7"
         install-size="11"
         version="1.1.500.v20210125-1508"
         fragment="true"
         unpack="false"/>

   <plugin
         id="org.eclipse.equinox.security.win32.x86_64"
         os="win32"
         arch="x86_64"
         download-size="40"
         install-size="74"
         version="1.1.200.v20190812-0919"
         fragment="true"
         unpack="false"/>

   <plugin
         id="org.tukaani.xz"
         download-size="125"
         install-size="202"
         version="1.8.0.v20180207-1613"
         unpack="false"/>

   <plugin
         id="org.eclipse.equinox.concurrent"
         download-size="26"
         install-size="46"
         version="1.2.0.v20210202-1157"
         unpack="false"/>

</feature>
