<?xml version="1.0" encoding="UTF-8"?>
<feature
      id="org.eclipse.emf.edit.ui"
      label="%featureName"
      version="2.21.0.v20210405-0904"
      provider-name="%providerName">

   <description>
      %description
   </description>

   <copyright url="http://www.eclipse.org/legal/epl-v20.html">
      Copyright (c) 2002-2018 IBM Corporation and others.
All rights reserved.   This program and the accompanying materials
are made available under the terms of the Eclipse Public License v2.0
which accompanies this distribution, and is available at
http://www.eclipse.org/legal/epl-v20.html
   </copyright>

   <license url="%licenseURL">
      %license
   </license>

   <url>
      <update label="%EMFUpdateSiteName" url="http://download.eclipse.org/modeling/emf/emf/builds/"/>
      <discovery label="%EMFUpdateSiteName" url="http://download.eclipse.org/modeling/emf/emf/builds/"/>
   </url>

   <requires>
      <import plugin="org.eclipse.core.runtime"/>
      <import plugin="org.eclipse.ui.views"/>
      <import plugin="org.eclipse.ui.workbench"/>
      <import plugin="org.eclipse.emf.edit"/>
      <import plugin="org.eclipse.emf.common.ui"/>
   </requires>

   <plugin
         id="org.eclipse.emf.edit.ui"
         download-size="345"
         install-size="712"
         version="2.20.0.v20210405-0904"
         unpack="false"/>

</feature>
