<?xml version='1.0' encoding='UTF-8'?>
<?artifactRepository version='1.1.0'?>
<repository name='Bundle pool' type='org.eclipse.equinox.p2.artifact.repository.simpleRepository' version='1'>
  <properties size='2'>
    <property name='p2.system' value='true'/>
    <property name='p2.timestamp' value='1618129954015'/>
  </properties>
  <mappings size='3'>
    <rule filter='(&amp; (classifier=osgi.bundle))' output='${repoUrl}/plugins/${id}_${version}.jar'/>
    <rule filter='(&amp; (classifier=binary))' output='${repoUrl}/binary/${id}_${version}'/>
    <rule filter='(&amp; (classifier=org.eclipse.update.feature))' output='${repoUrl}/features/${id}_${version}.jar'/>
  </mappings>
  <artifacts size='189'>
    <artifact classifier='org.eclipse.update.feature' id='org.eclipse.emf.common.ui' version='2.17.0.v20190507-0402'>
      <properties size='1'>
        <property name='download.size' value='19471'/>
      </properties>
      <repositoryProperties size='1'>
        <property name='artifact.folder' value='true'/>
      </repositoryProperties>
    </artifact>
    <artifact classifier='osgi.bundle' id='org.apache.batik.constants' version='1.14.0.v20210324-0332'>
      <properties size='1'>
        <property name='download.size' value='20831'/>
      </properties>
    </artifact>
    <artifact classifier='osgi.bundle' id='org.eclipse.oomph.preferences' version='1.12.0.v20200624-1156'>
      <properties size='1'>
        <property name='download.size' value='85083'/>
      </properties>
    </artifact>
    <artifact classifier='osgi.bundle' id='org.eclipse.e4.ui.workbench.renderers.swt' version='0.15.100.v20210402-0550'>
      <properties size='1'>
        <property name='download.size' value='250751'/>
      </properties>
    </artifact>
    <artifact classifier='osgi.bundle' id='org.eclipse.ecf.filetransfer' version='5.1.101.v20210326-0343'>
      <properties size='1'>
        <property name='download.size' value='53736'/>
      </properties>
    </artifact>
    <artifact classifier='osgi.bundle' id='org.eclipse.oomph.p2.ui' version='1.15.0.v20201231-0755'>
      <properties size='1'>
        <property name='download.size' value='384741'/>
      </properties>
    </artifact>
    <artifact classifier='osgi.bundle' id='com.jcraft.jsch' version='0.1.55.v20190404-1902'>
      <properties size='1'>
        <property name='download.size' value='304961'/>
      </properties>
    </artifact>
    <artifact classifier='osgi.bundle' id='org.eclipse.swt' version='3.116.100.v20210410-1038'>
      <properties size='1'>
        <property name='download.size' value='17375'/>
      </properties>
    </artifact>
    <artifact classifier='osgi.bundle' id='org.eclipse.equinox.p2.engine' version='2.7.0.v20210328-0514'>
      <properties size='1'>
        <property name='download.size' value='211383'/>
      </properties>
    </artifact>
    <artifact classifier='osgi.bundle' id='org.eclipse.oomph.util.doc' version='1.11.0.v20200204-0711'>
      <properties size='1'>
        <property name='download.size' value='1081632'/>
      </properties>
    </artifact>
    <artifact classifier='osgi.bundle' id='org.eclipse.e4.ui.di' version='1.3.0.v20210222-1018'>
      <properties size='1'>
        <property name='download.size' value='16698'/>
      </properties>
    </artifact>
    <artifact classifier='osgi.bundle' id='org.eclipse.oomph.junit' version='1.2.0.v20200624-1156'>
      <properties size='1'>
        <property name='download.size' value='56391'/>
      </properties>
    </artifact>
    <artifact classifier='osgi.bundle' id='org.eclipse.swt.gtk.linux.x86_64' version='3.116.100.v20210410-1038'>
      <properties size='1'>
        <property name='download.size' value='2087803'/>
      </properties>
    </artifact>
    <artifact classifier='osgi.bundle' id='org.eclipse.oomph.setup.installer' version='1.20.0.v20210320-1122'>
      <properties size='1'>
        <property name='download.size' value='859913'/>
      </properties>
    </artifact>
    <artifact classifier='osgi.bundle' id='org.eclipse.oomph.p2.doc' version='1.11.0.v20200624-1156'>
      <properties size='1'>
        <property name='download.size' value='322134'/>
      </properties>
    </artifact>
    <artifact classifier='org.eclipse.update.feature' id='org.eclipse.rcp' version='4.20.0.v20210410-1800'>
      <properties size='1'>
        <property name='download.size' value='19616'/>
      </properties>
      <repositoryProperties size='1'>
        <property name='artifact.folder' value='true'/>
      </repositoryProperties>
    </artifact>
    <artifact classifier='osgi.bundle' id='org.eclipse.e4.core.services' version='2.2.600.v20210110-1654'>
      <properties size='1'>
        <property name='download.size' value='70549'/>
      </properties>
    </artifact>
    <artifact classifier='osgi.bundle' id='org.eclipse.ecf.provider.filetransfer' version='3.2.601.v20201025-0700'>
      <properties size='1'>
        <property name='download.size' value='129897'/>
      </properties>
    </artifact>
    <artifact classifier='osgi.bundle' id='org.sat4j.core' version='2.3.5.v201308161310'>
      <properties size='1'>
        <property name='download.size' value='376173'/>
      </properties>
    </artifact>
    <artifact classifier='osgi.bundle' id='org.apache.batik.i18n' version='1.14.0.v20210324-0332'>
      <properties size='1'>
        <property name='download.size' value='24067'/>
      </properties>
    </artifact>
    <artifact classifier='osgi.bundle' id='org.eclipse.equinox.security' version='1.3.600.v20210126-1005'>
      <properties size='1'>
        <property name='download.size' value='113484'/>
      </properties>
    </artifact>
    <artifact classifier='osgi.bundle' id='org.apache.commons.logging' version='1.2.0.v20180409-1502'>
      <properties size='1'>
        <property name='download.size' value='73163'/>
      </properties>
    </artifact>
    <artifact classifier='osgi.bundle' id='org.eclipse.equinox.p2.artifact.repository' version='1.4.100.v20210326-1056'>
      <properties size='1'>
        <property name='download.size' value='157552'/>
      </properties>
    </artifact>
    <artifact classifier='osgi.bundle' id='org.eclipse.osgi' version='3.16.300.v20210409-1109'>
      <properties size='1'>
        <property name='download.size' value='1517610'/>
      </properties>
    </artifact>
    <artifact classifier='osgi.bundle' id='org.eclipse.equinox.p2.director.app' version='1.2.0.v20210315-2042'>
      <properties size='1'>
        <property name='download.size' value='57722'/>
      </properties>
    </artifact>
    <artifact classifier='osgi.bundle' id='org.apache.felix.gogo.runtime' version='1.1.4.v20210111-1007'>
      <properties size='1'>
        <property name='download.size' value='225004'/>
      </properties>
    </artifact>
    <artifact classifier='osgi.bundle' id='org.eclipse.rcp' version='4.20.0.v20210410-1800'>
      <properties size='1'>
        <property name='download.size' value='11368'/>
      </properties>
    </artifact>
    <artifact classifier='osgi.bundle' id='org.eclipse.e4.ui.workbench.addons.swt' version='1.4.200.v20210321-1910'>
      <properties size='1'>
        <property name='download.size' value='117806'/>
      </properties>
    </artifact>
    <artifact classifier='osgi.bundle' id='org.eclipse.equinox.security.linux' version='1.0.100.v20210322-2306'>
      <properties size='1'>
        <property name='download.size' value='23917'/>
      </properties>
      <repositoryProperties size='1'>
        <property name='artifact.folder' value='true'/>
      </repositoryProperties>
    </artifact>
    <artifact classifier='osgi.bundle' id='org.eclipse.ui.ide' version='3.18.100.v20210122-1536'>
      <properties size='1'>
        <property name='download.size' value='2479289'/>
      </properties>
    </artifact>
    <artifact classifier='osgi.bundle' id='org.eclipse.equinox.console' version='1.4.300.v20210211-2058'>
      <properties size='1'>
        <property name='download.size' value='129373'/>
      </properties>
    </artifact>
    <artifact classifier='osgi.bundle' id='org.eclipse.equinox.frameworkadmin.equinox' version='1.2.0.v20210315-2042'>
      <properties size='1'>
        <property name='download.size' value='68461'/>
      </properties>
    </artifact>
    <artifact classifier='osgi.bundle' id='org.eclipse.equinox.p2.ui' version='2.7.0.v20210114-1216'>
      <properties size='1'>
        <property name='download.size' value='624593'/>
      </properties>
    </artifact>
    <artifact classifier='osgi.bundle' id='org.eclipse.ui.intro' version='3.6.200.v20210409-1747'>
      <properties size='1'>
        <property name='download.size' value='345381'/>
      </properties>
    </artifact>
    <artifact classifier='osgi.bundle' id='org.eclipse.ui' version='3.119.0.v20210111-1350'>
      <properties size='1'>
        <property name='download.size' value='442851'/>
      </properties>
    </artifact>
    <artifact classifier='osgi.bundle' id='org.eclipse.equinox.common' version='3.14.100.v20210212-1143'>
      <properties size='1'>
        <property name='download.size' value='142415'/>
      </properties>
    </artifact>
    <artifact classifier='osgi.bundle' id='org.eclipse.core.jobs' version='3.11.0.v20210323-0848'>
      <properties size='1'>
        <property name='download.size' value='107438'/>
      </properties>
    </artifact>
    <artifact classifier='osgi.bundle' id='org.w3c.dom.svg' version='1.1.0.v201011041433'>
      <properties size='1'>
        <property name='download.size' value='97545'/>
      </properties>
    </artifact>
    <artifact classifier='osgi.bundle' id='org.eclipse.core.databinding' version='1.10.100.v20200926-1123'>
      <properties size='1'>
        <property name='download.size' value='184435'/>
      </properties>
    </artifact>
    <artifact classifier='osgi.bundle' id='com.sun.jna' version='5.8.0.v20210406-1004'>
      <properties size='1'>
        <property name='download.size' value='1753774'/>
      </properties>
    </artifact>
    <artifact classifier='osgi.bundle' id='org.eclipse.e4.ui.css.swt' version='0.14.200.v20210401-1241'>
      <properties size='1'>
        <property name='download.size' value='204982'/>
      </properties>
    </artifact>
    <artifact classifier='osgi.bundle' id='org.eclipse.jsch.ui' version='1.3.1100.v20200916-0731'>
      <properties size='1'>
        <property name='download.size' value='93576'/>
      </properties>
    </artifact>
    <artifact classifier='osgi.bundle' id='org.eclipse.text' version='3.11.0.v20210203-1022'>
      <properties size='1'>
        <property name='download.size' value='295842'/>
      </properties>
    </artifact>
    <artifact classifier='osgi.bundle' id='org.eclipse.equinox.p2.touchpoint.natives' version='1.4.0.v20210326-2048'>
      <properties size='1'>
        <property name='download.size' value='81959'/>
      </properties>
    </artifact>
    <artifact classifier='osgi.bundle' id='org.apache.felix.scr' version='2.1.24.v20200924-1939'>
      <properties size='1'>
        <property name='download.size' value='421820'/>
      </properties>
    </artifact>
    <artifact classifier='osgi.bundle' id='org.eclipse.core.databinding.observable' version='1.10.0.v20200730-0848'>
      <properties size='1'>
        <property name='download.size' value='313950'/>
      </properties>
    </artifact>
    <artifact classifier='osgi.bundle' id='org.eclipse.ecf.provider.filetransfer.ssl' version='1.0.200.v20210320-0209'>
      <properties size='1'>
        <property name='download.size' value='9909'/>
      </properties>
    </artifact>
    <artifact classifier='osgi.bundle' id='org.eclipse.oomph.setup.ui' version='1.20.0.v20210126-0525'>
      <properties size='1'>
        <property name='download.size' value='773898'/>
      </properties>
    </artifact>
    <artifact classifier='osgi.bundle' id='org.eclipse.equinox.app' version='1.5.100.v20210212-1143'>
      <properties size='1'>
        <property name='download.size' value='89225'/>
      </properties>
    </artifact>
    <artifact classifier='osgi.bundle' id='org.eclipse.ui.net' version='1.3.800.v20200422-1935'>
      <properties size='1'>
        <property name='download.size' value='46144'/>
      </properties>
    </artifact>
    <artifact classifier='osgi.bundle' id='org.eclipse.emf.ecore.xmi' version='2.16.0.v20190528-0725'>
      <properties size='1'>
        <property name='download.size' value='235083'/>
      </properties>
    </artifact>
    <artifact classifier='osgi.bundle' id='org.eclipse.oomph.setup.edit' version='1.15.0.v20200624-1156'>
      <properties size='1'>
        <property name='download.size' value='176094'/>
      </properties>
    </artifact>
    <artifact classifier='osgi.bundle' id='org.eclipse.e4.ui.services' version='1.5.0.v20210115-1333'>
      <properties size='1'>
        <property name='download.size' value='24897'/>
      </properties>
    </artifact>
    <artifact classifier='osgi.bundle' id='org.apache.felix.gogo.command' version='1.1.2.v20210111-1007'>
      <properties size='1'>
        <property name='download.size' value='53843'/>
      </properties>
    </artifact>
    <artifact classifier='osgi.bundle' id='org.eclipse.equinox.p2.core' version='2.7.0.v20210315-2042'>
      <properties size='1'>
        <property name='download.size' value='76850'/>
      </properties>
    </artifact>
    <artifact classifier='osgi.bundle' id='org.eclipse.equinox.p2.publisher' version='1.6.0.v20210322-0909'>
      <properties size='1'>
        <property name='download.size' value='99708'/>
      </properties>
    </artifact>
    <artifact classifier='osgi.bundle' id='org.apache.commons.jxpath' version='1.3.0.v200911051830'>
      <properties size='1'>
        <property name='download.size' value='325439'/>
      </properties>
    </artifact>
    <artifact classifier='osgi.bundle' id='org.eclipse.oomph.util' version='1.16.0.v20210329-0828'>
      <properties size='1'>
        <property name='download.size' value='224869'/>
      </properties>
    </artifact>
    <artifact classifier='osgi.bundle' id='org.eclipse.equinox.simpleconfigurator.manipulator' version='2.2.0.v20210315-2228'>
      <properties size='1'>
        <property name='download.size' value='26976'/>
      </properties>
    </artifact>
    <artifact classifier='osgi.bundle' id='org.eclipse.core.net.linux.x86_64' version='1.2.400.v20190924-1023'>
      <properties size='1'>
        <property name='download.size' value='97808'/>
      </properties>
    </artifact>
    <artifact classifier='osgi.bundle' id='org.eclipse.osgi.services' version='3.10.100.v20210324-0936'>
      <properties size='1'>
        <property name='download.size' value='128671'/>
      </properties>
    </artifact>
    <artifact classifier='osgi.bundle' id='org.eclipse.jface.text' version='3.17.100.v20210309-0918'>
      <properties size='1'>
        <property name='download.size' value='1052254'/>
      </properties>
    </artifact>
    <artifact classifier='osgi.bundle' id='org.eclipse.jface.notifications' version='0.3.0.v20210218-1820'>
      <properties size='1'>
        <property name='download.size' value='26373'/>
      </properties>
    </artifact>
    <artifact classifier='osgi.bundle' id='org.eclipse.equinox.preferences' version='3.8.200.v20210212-1143'>
      <properties size='1'>
        <property name='download.size' value='137071'/>
      </properties>
    </artifact>
    <artifact classifier='osgi.bundle' id='org.eclipse.e4.ui.workbench' version='1.12.100.v20210122-1731'>
      <properties size='1'>
        <property name='download.size' value='250195'/>
      </properties>
    </artifact>
    <artifact classifier='osgi.bundle' id='org.eclipse.jsch.core' version='1.3.900.v20200422-1935'>
      <properties size='1'>
        <property name='download.size' value='41711'/>
      </properties>
    </artifact>
    <artifact classifier='osgi.bundle' id='org.apache.commons.io' version='2.6.0.v20190123-2029'>
      <properties size='1'>
        <property name='download.size' value='232616'/>
      </properties>
    </artifact>
    <artifact classifier='osgi.bundle' id='org.eclipse.oomph.setup.p2' version='1.16.0.v20200814-1205'>
      <properties size='1'>
        <property name='download.size' value='48520'/>
      </properties>
    </artifact>
    <artifact classifier='org.eclipse.update.feature' id='org.eclipse.oomph.p2' version='1.19.0.v20210330-1145'>
      <properties size='1'>
        <property name='download.size' value='19578'/>
      </properties>
      <repositoryProperties size='1'>
        <property name='artifact.folder' value='true'/>
      </repositoryProperties>
    </artifact>
    <artifact classifier='osgi.bundle' id='org.eclipse.oomph.setup.p2.edit' version='1.13.0.v20200624-1156'>
      <properties size='1'>
        <property name='download.size' value='25668'/>
      </properties>
    </artifact>
    <artifact classifier='osgi.bundle' id='org.eclipse.core.filebuffers' version='3.6.1100.v20201029-1159'>
      <properties size='1'>
        <property name='download.size' value='115947'/>
      </properties>
    </artifact>
    <artifact classifier='osgi.bundle' id='org.eclipse.platform' version='4.20.0.v20210410-1800'>
      <properties size='1'>
        <property name='download.size' value='652957'/>
      </properties>
      <repositoryProperties size='1'>
        <property name='artifact.folder' value='true'/>
      </repositoryProperties>
    </artifact>
    <artifact classifier='osgi.bundle' id='org.eclipse.e4.ui.swt.gtk' version='1.1.100.v20210108-1832'>
      <properties size='1'>
        <property name='download.size' value='10994'/>
      </properties>
    </artifact>
    <artifact classifier='osgi.bundle' id='org.eclipse.ecf' version='3.9.101.v20210326-0550'>
      <properties size='1'>
        <property name='download.size' value='126464'/>
      </properties>
    </artifact>
    <artifact classifier='osgi.bundle' id='org.eclipse.oomph.p2.core' version='1.18.0.v20210330-1145'>
      <properties size='1'>
        <property name='download.size' value='371917'/>
      </properties>
    </artifact>
    <artifact classifier='osgi.bundle' id='org.eclipse.e4.core.commands' version='0.13.0.v20201119-1132'>
      <properties size='1'>
        <property name='download.size' value='26087'/>
      </properties>
    </artifact>
    <artifact classifier='org.eclipse.update.feature' id='org.eclipse.ecf.filetransfer.httpclient45.feature' version='1.0.702.v20210326-0550'>
      <properties size='1'>
        <property name='download.size' value='28582'/>
      </properties>
      <repositoryProperties size='1'>
        <property name='artifact.folder' value='true'/>
      </repositoryProperties>
    </artifact>
    <artifact classifier='osgi.bundle' id='org.tukaani.xz' version='1.8.0.v20180207-1613'>
      <properties size='1'>
        <property name='download.size' value='128232'/>
      </properties>
    </artifact>
    <artifact classifier='osgi.bundle' id='org.eclipse.ui.forms' version='3.11.100.v20210108-1139'>
      <properties size='1'>
        <property name='download.size' value='331645'/>
      </properties>
    </artifact>
    <artifact classifier='osgi.bundle' id='org.eclipse.core.runtime' version='3.21.0.v20210322-1228'>
      <properties size='1'>
        <property name='download.size' value='70762'/>
      </properties>
    </artifact>
    <artifact classifier='osgi.bundle' id='org.apache.felix.gogo.shell' version='1.1.4.v20210111-1007'>
      <properties size='1'>
        <property name='download.size' value='70991'/>
      </properties>
    </artifact>
    <artifact classifier='osgi.bundle' id='org.eclipse.core.filesystem' version='1.9.0.v20210331-0921'>
      <properties size='1'>
        <property name='download.size' value='69985'/>
      </properties>
    </artifact>
    <artifact classifier='osgi.bundle' id='org.eclipse.equinox.p2.repository.tools' version='2.3.0.v20210325-0750'>
      <properties size='1'>
        <property name='download.size' value='254848'/>
      </properties>
    </artifact>
    <artifact classifier='osgi.bundle' id='org.eclipse.oomph.setup.doc' version='1.11.0.v20200624-1156'>
      <properties size='1'>
        <property name='download.size' value='2614296'/>
      </properties>
    </artifact>
    <artifact classifier='osgi.bundle' id='org.eclipse.equinox.concurrent' version='1.2.0.v20210202-1157'>
      <properties size='1'>
        <property name='download.size' value='26858'/>
      </properties>
    </artifact>
    <artifact classifier='osgi.bundle' id='org.eclipse.e4.core.di.annotations' version='1.6.600.v20191216-2352'>
      <properties size='1'>
        <property name='download.size' value='12249'/>
      </properties>
    </artifact>
    <artifact classifier='osgi.bundle' id='org.eclipse.equinox.p2.metadata' version='2.6.0.v20210331-1610'>
      <properties size='1'>
        <property name='download.size' value='363107'/>
      </properties>
    </artifact>
    <artifact classifier='osgi.bundle' id='org.eclipse.oomph.p2' version='1.14.0.v20200624-1156'>
      <properties size='1'>
        <property name='download.size' value='68097'/>
      </properties>
    </artifact>
    <artifact classifier='osgi.bundle' id='org.eclipse.core.commands' version='3.10.0.v20210401-0744'>
      <properties size='1'>
        <property name='download.size' value='115516'/>
      </properties>
    </artifact>
    <artifact classifier='osgi.bundle' id='org.sat4j.pb' version='2.3.5.v201404071733'>
      <properties size='1'>
        <property name='download.size' value='249896'/>
      </properties>
    </artifact>
    <artifact classifier='osgi.bundle' id='org.eclipse.oomph.p2.edit' version='1.14.0.v20200624-1156'>
      <properties size='1'>
        <property name='download.size' value='51485'/>
      </properties>
    </artifact>
    <artifact classifier='osgi.bundle' id='org.eclipse.e4.ui.bindings' version='0.13.0.v20201119-1132'>
      <properties size='1'>
        <property name='download.size' value='46068'/>
      </properties>
    </artifact>
    <artifact classifier='osgi.bundle' id='org.eclipse.core.expressions' version='3.7.100.v20210203-1000'>
      <properties size='1'>
        <property name='download.size' value='92923'/>
      </properties>
    </artifact>
    <artifact classifier='osgi.bundle' id='org.eclipse.e4.ui.widgets' version='1.2.800.v20201021-1339'>
      <properties size='1'>
        <property name='download.size' value='13424'/>
      </properties>
    </artifact>
    <artifact classifier='osgi.bundle' id='org.eclipse.emf.common' version='2.22.0.v20210319-0732'>
      <properties size='1'>
        <property name='download.size' value='375669'/>
      </properties>
    </artifact>
    <artifact classifier='osgi.bundle' id='org.eclipse.emf.ecore' version='2.24.0.v20210405-0628'>
      <properties size='1'>
        <property name='download.size' value='1321697'/>
      </properties>
    </artifact>
    <artifact classifier='osgi.bundle' id='org.eclipse.equinox.p2.garbagecollector' version='1.2.0.v20210316-1209'>
      <properties size='1'>
        <property name='download.size' value='25411'/>
      </properties>
    </artifact>
    <artifact classifier='osgi.bundle' id='org.eclipse.equinox.frameworkadmin' version='2.2.0.v20210315-2042'>
      <properties size='1'>
        <property name='download.size' value='36929'/>
      </properties>
    </artifact>
    <artifact classifier='osgi.bundle' id='org.eclipse.ecf.ssl' version='1.2.400.v20210320-0209'>
      <properties size='1'>
        <property name='download.size' value='15767'/>
      </properties>
    </artifact>
    <artifact classifier='osgi.bundle' id='org.eclipse.e4.core.di.extensions' version='0.16.0.v20200507-0938'>
      <properties size='1'>
        <property name='download.size' value='11383'/>
      </properties>
    </artifact>
    <artifact classifier='osgi.bundle' id='org.eclipse.ui.views' version='3.11.0.v20210111-1351'>
      <properties size='1'>
        <property name='download.size' value='106563'/>
      </properties>
    </artifact>
    <artifact classifier='osgi.bundle' id='org.eclipse.equinox.p2.metadata.repository' version='1.4.0.v20210315-2228'>
      <properties size='1'>
        <property name='download.size' value='133861'/>
      </properties>
    </artifact>
    <artifact classifier='osgi.bundle' id='org.eclipse.userstorage.ui' version='1.1.0.v20190307-0457'>
      <properties size='1'>
        <property name='download.size' value='45952'/>
      </properties>
    </artifact>
    <artifact classifier='osgi.bundle' id='org.w3c.dom.events' version='3.0.0.draft20060413_v201105210656'>
      <properties size='1'>
        <property name='download.size' value='15720'/>
      </properties>
    </artifact>
    <artifact classifier='osgi.bundle' id='org.eclipse.equinox.p2.transport.ecf' version='1.3.100.v20210329-1206'>
      <properties size='1'>
        <property name='download.size' value='44535'/>
      </properties>
    </artifact>
    <artifact classifier='osgi.bundle' id='org.apache.xmlgraphics' version='2.4.0.v20200622-2037'>
      <properties size='1'>
        <property name='download.size' value='720612'/>
      </properties>
    </artifact>
    <artifact classifier='osgi.bundle' id='org.eclipse.equinox.p2.jarprocessor' version='1.2.0.v20210325-0758'>
      <properties size='1'>
        <property name='download.size' value='74783'/>
      </properties>
    </artifact>
    <artifact classifier='osgi.bundle' id='org.apache.batik.util' version='1.14.0.v20210324-0332'>
      <properties size='1'>
        <property name='download.size' value='147809'/>
      </properties>
    </artifact>
    <artifact classifier='osgi.bundle' id='org.eclipse.core.databinding.beans' version='1.7.200.v20210111-0759'>
      <properties size='1'>
        <property name='download.size' value='93688'/>
      </properties>
    </artifact>
    <artifact classifier='osgi.bundle' id='org.eclipse.equinox.launcher.gtk.linux.x86_64' version='1.2.200.v20210409-2137'>
      <properties size='1'>
        <property name='download.size' value='86006'/>
      </properties>
      <repositoryProperties size='1'>
        <property name='artifact.folder' value='true'/>
      </repositoryProperties>
    </artifact>
    <artifact classifier='osgi.bundle' id='org.eclipse.equinox.security.ui' version='1.3.0.v20210121-0947'>
      <properties size='1'>
        <property name='download.size' value='171859'/>
      </properties>
    </artifact>
    <artifact classifier='osgi.bundle' id='org.eclipse.osgi.util' version='3.6.0.v20210212-1137'>
      <properties size='1'>
        <property name='download.size' value='73484'/>
      </properties>
    </artifact>
    <artifact classifier='osgi.bundle' id='org.eclipse.equinox.simpleconfigurator' version='1.4.0.v20210315-2228'>
      <properties size='1'>
        <property name='download.size' value='46575'/>
      </properties>
    </artifact>
    <artifact classifier='osgi.bundle' id='org.eclipse.oomph.setup.ui.questionnaire' version='1.12.0.v20200624-1156'>
      <properties size='1'>
        <property name='download.size' value='342302'/>
      </properties>
    </artifact>
    <artifact classifier='osgi.bundle' id='org.eclipse.oomph.base' version='1.14.0.v20200624-1156'>
      <properties size='1'>
        <property name='download.size' value='76362'/>
      </properties>
    </artifact>
    <artifact classifier='osgi.bundle' id='org.eclipse.core.contenttype' version='3.7.1000.v20210409-1722'>
      <properties size='1'>
        <property name='download.size' value='100501'/>
      </properties>
    </artifact>
    <artifact classifier='osgi.bundle' id='org.eclipse.equinox.bidi' version='1.3.100.v20210212-1143'>
      <properties size='1'>
        <property name='download.size' value='51253'/>
      </properties>
    </artifact>
    <artifact classifier='osgi.bundle' id='org.eclipse.equinox.p2.touchpoint.eclipse' version='2.3.0.v20210315-2228'>
      <properties size='1'>
        <property name='download.size' value='132044'/>
      </properties>
    </artifact>
    <artifact classifier='osgi.bundle' id='org.eclipse.jface.databinding' version='1.12.200.v20210111-0911'>
      <properties size='1'>
        <property name='download.size' value='298719'/>
      </properties>
    </artifact>
    <artifact classifier='osgi.bundle' id='org.eclipse.equinox.registry' version='3.10.100.v20210212-1143'>
      <properties size='1'>
        <property name='download.size' value='194673'/>
      </properties>
    </artifact>
    <artifact classifier='osgi.bundle' id='javax.annotation' version='1.3.5.v20200909-1856'>
      <properties size='1'>
        <property name='download.size' value='47385'/>
      </properties>
    </artifact>
    <artifact classifier='org.eclipse.update.feature' id='org.eclipse.emf.common' version='2.22.0.v20210319-0732'>
      <properties size='1'>
        <property name='download.size' value='19491'/>
      </properties>
      <repositoryProperties size='1'>
        <property name='artifact.folder' value='true'/>
      </repositoryProperties>
    </artifact>
    <artifact classifier='osgi.bundle' id='org.eclipse.userstorage.oauth' version='1.1.0.v20190307-0457'>
      <properties size='1'>
        <property name='download.size' value='59654'/>
      </properties>
    </artifact>
    <artifact classifier='osgi.bundle' id='org.eclipse.ecf.provider.filetransfer.httpclient45' version='1.0.400.v20210320-0346'>
      <properties size='1'>
        <property name='download.size' value='84904'/>
      </properties>
    </artifact>
    <artifact classifier='osgi.bundle' id='org.eclipse.emf.edit.ui' version='2.20.0.v20210405-0904'>
      <properties size='1'>
        <property name='download.size' value='353702'/>
      </properties>
    </artifact>
    <artifact classifier='osgi.bundle' id='org.eclipse.equinox.security.linux.x86_64' version='1.1.500.v20210125-1508'>
      <properties size='1'>
        <property name='download.size' value='8119'/>
      </properties>
      <repositoryProperties size='1'>
        <property name='artifact.folder' value='true'/>
      </repositoryProperties>
    </artifact>
    <artifact classifier='osgi.bundle' id='org.eclipse.nebula.widgets.tablecombo' version='1.2.0.202104091720'>
      <properties size='1'>
        <property name='download.size' value='38221'/>
      </properties>
    </artifact>
    <artifact classifier='org.eclipse.update.feature' id='org.eclipse.e4.rcp' version='4.20.0.v20210410-1038'>
      <properties size='1'>
        <property name='download.size' value='21493'/>
      </properties>
      <repositoryProperties size='1'>
        <property name='artifact.folder' value='true'/>
      </repositoryProperties>
    </artifact>
    <artifact classifier='osgi.bundle' id='org.eclipse.help' version='3.9.0.v20210317-2216'>
      <properties size='1'>
        <property name='download.size' value='272671'/>
      </properties>
    </artifact>
    <artifact classifier='osgi.bundle' id='org.eclipse.e4.core.di' version='1.7.700.v20210128-2123'>
      <properties size='1'>
        <property name='download.size' value='52815'/>
      </properties>
    </artifact>
    <artifact classifier='osgi.bundle' id='org.eclipse.e4.ui.workbench3' version='0.15.500.v20201021-1339'>
      <properties size='1'>
        <property name='download.size' value='21296'/>
      </properties>
    </artifact>
    <artifact classifier='org.eclipse.update.feature' id='org.eclipse.oomph.setup.installer' version='1.21.0.v20210411-0650'>
      <properties size='1'>
        <property name='download.size' value='148935'/>
      </properties>
      <repositoryProperties size='1'>
        <property name='artifact.folder' value='true'/>
      </repositoryProperties>
    </artifact>
    <artifact classifier='org.eclipse.update.feature' id='org.eclipse.equinox.p2.core.feature' version='1.6.1000.v20210331-1610'>
      <properties size='1'>
        <property name='download.size' value='20079'/>
      </properties>
      <repositoryProperties size='1'>
        <property name='artifact.folder' value='true'/>
      </repositoryProperties>
    </artifact>
    <artifact classifier='osgi.bundle' id='org.eclipse.e4.ui.css.core' version='0.13.0.v20201015-0653'>
      <properties size='1'>
        <property name='download.size' value='215848'/>
      </properties>
    </artifact>
    <artifact classifier='osgi.bundle' id='org.eclipse.e4.ui.dialogs' version='1.2.100.v20201109-2317'>
      <properties size='1'>
        <property name='download.size' value='58026'/>
      </properties>
    </artifact>
    <artifact classifier='osgi.bundle' id='org.eclipse.core.databinding.property' version='1.8.100.v20200619-0651'>
      <properties size='1'>
        <property name='download.size' value='165218'/>
      </properties>
    </artifact>
    <artifact classifier='osgi.bundle' id='org.eclipse.emf.ecore.change' version='2.14.0.v20190528-0725'>
      <properties size='1'>
        <property name='download.size' value='102947'/>
      </properties>
    </artifact>
    <artifact classifier='osgi.bundle' id='org.eclipse.e4.ui.ide' version='3.15.200.v20210108-1832'>
      <properties size='1'>
        <property name='download.size' value='11739'/>
      </properties>
    </artifact>
    <artifact classifier='org.eclipse.update.feature' id='org.eclipse.emf.edit.ui' version='2.21.0.v20210405-0904'>
      <properties size='1'>
        <property name='download.size' value='19494'/>
      </properties>
      <repositoryProperties size='1'>
        <property name='artifact.folder' value='true'/>
      </repositoryProperties>
    </artifact>
    <artifact classifier='osgi.bundle' id='com.sun.jna.platform' version='5.8.0.v20210406-1004'>
      <properties size='1'>
        <property name='download.size' value='1478973'/>
      </properties>
    </artifact>
    <artifact classifier='org.eclipse.update.feature' id='org.eclipse.ecf.core.ssl.feature' version='1.1.500.v20210320-0209'>
      <properties size='1'>
        <property name='download.size' value='20155'/>
      </properties>
      <repositoryProperties size='1'>
        <property name='artifact.folder' value='true'/>
      </repositoryProperties>
    </artifact>
    <artifact classifier='osgi.bundle' id='org.eclipse.userstorage' version='1.2.0.v20190307-0457'>
      <properties size='1'>
        <property name='download.size' value='118812'/>
      </properties>
    </artifact>
    <artifact classifier='org.eclipse.update.feature' id='org.eclipse.ecf.filetransfer.ssl.feature' version='1.1.400.v20210320-0251'>
      <properties size='1'>
        <property name='download.size' value='24284'/>
      </properties>
      <repositoryProperties size='1'>
        <property name='artifact.folder' value='true'/>
      </repositoryProperties>
    </artifact>
    <artifact classifier='osgi.bundle' id='org.apache.commons.codec' version='1.14.0.v20200818-1422'>
      <properties size='1'>
        <property name='download.size' value='376432'/>
      </properties>
    </artifact>
    <artifact classifier='osgi.bundle' id='org.eclipse.equinox.event' version='1.6.0.v20210212-1143'>
      <properties size='1'>
        <property name='download.size' value='33771'/>
      </properties>
    </artifact>
    <artifact classifier='osgi.bundle' id='org.w3c.dom.smil' version='1.0.1.v200903091627'>
      <properties size='1'>
        <property name='download.size' value='21745'/>
      </properties>
    </artifact>
    <artifact classifier='osgi.bundle' id='org.eclipse.oomph.setup.sync' version='1.13.0.v20200624-1156'>
      <properties size='1'>
        <property name='download.size' value='103950'/>
      </properties>
    </artifact>
    <artifact classifier='osgi.bundle' id='org.eclipse.oomph.extractor.lib' version='1.8.0.v20200624-1156'>
      <properties size='1'>
        <property name='download.size' value='24709'/>
      </properties>
    </artifact>
    <artifact classifier='osgi.bundle' id='org.eclipse.oomph.setup' version='1.19.0.v20210223-0655'>
      <properties size='1'>
        <property name='download.size' value='353784'/>
      </properties>
    </artifact>
    <artifact classifier='osgi.bundle' id='javax.inject' version='1.0.0.v20091030'>
      <properties size='1'>
        <property name='download.size' value='14411'/>
      </properties>
    </artifact>
    <artifact classifier='osgi.bundle' id='org.eclipse.ecf.identity' version='3.9.401.v20210320-0327'>
      <properties size='1'>
        <property name='download.size' value='65727'/>
      </properties>
    </artifact>
    <artifact classifier='osgi.bundle' id='org.eclipse.equinox.launcher' version='1.6.100.v20201223-0822'>
      <properties size='1'>
        <property name='download.size' value='53320'/>
      </properties>
    </artifact>
    <artifact classifier='osgi.bundle' id='org.eclipse.ui.workbench' version='3.122.200.v20210331-1636'>
      <properties size='1'>
        <property name='download.size' value='3555993'/>
      </properties>
    </artifact>
    <artifact classifier='org.eclipse.update.feature' id='org.eclipse.ecf.core.feature' version='1.5.701.v20210326-0550'>
      <properties size='1'>
        <property name='download.size' value='20193'/>
      </properties>
      <repositoryProperties size='1'>
        <property name='artifact.folder' value='true'/>
      </repositoryProperties>
    </artifact>
    <artifact classifier='osgi.bundle' id='org.eclipse.equinox.p2.operations' version='2.6.0.v20210315-2228'>
      <properties size='1'>
        <property name='download.size' value='75836'/>
      </properties>
    </artifact>
    <artifact classifier='osgi.bundle' id='org.eclipse.e4.ui.workbench.swt' version='0.16.100.v20210315-1604'>
      <properties size='1'>
        <property name='download.size' value='147403'/>
      </properties>
    </artifact>
    <artifact classifier='osgi.bundle' id='org.eclipse.oomph.jreinfo.ui' version='1.12.0.v20200720-0749'>
      <properties size='1'>
        <property name='download.size' value='54483'/>
      </properties>
    </artifact>
    <artifact classifier='org.eclipse.update.feature' id='org.eclipse.emf.edit' version='2.16.0.v20190920-0401'>
      <properties size='1'>
        <property name='download.size' value='19472'/>
      </properties>
      <repositoryProperties size='1'>
        <property name='artifact.folder' value='true'/>
      </repositoryProperties>
    </artifact>
    <artifact classifier='osgi.bundle' id='com.ibm.icu' version='67.1.0.v20200706-1749'>
      <properties size='1'>
        <property name='download.size' value='13569730'/>
      </properties>
    </artifact>
    <artifact classifier='osgi.bundle' id='org.eclipse.osgi.compatibility.state' version='1.2.400.v20210401-1438'>
      <properties size='1'>
        <property name='download.size' value='248134'/>
      </properties>
    </artifact>
    <artifact classifier='osgi.bundle' id='org.eclipse.ui.navigator' version='3.10.0.v20210111-1352'>
      <properties size='1'>
        <property name='download.size' value='426668'/>
      </properties>
    </artifact>
    <artifact classifier='osgi.bundle' id='org.eclipse.core.net' version='1.3.1100.v20210330-0956'>
      <properties size='1'>
        <property name='download.size' value='70750'/>
      </properties>
    </artifact>
    <artifact classifier='osgi.bundle' id='org.eclipse.oomph.setup.core' version='1.20.0.v20210411-0650'>
      <properties size='1'>
        <property name='download.size' value='313606'/>
      </properties>
    </artifact>
    <artifact classifier='org.eclipse.update.feature' id='org.eclipse.ecf.filetransfer.feature' version='3.14.1702.v20210326-0343'>
      <properties size='1'>
        <property name='download.size' value='28473'/>
      </properties>
      <repositoryProperties size='1'>
        <property name='artifact.folder' value='true'/>
      </repositoryProperties>
    </artifact>
    <artifact classifier='osgi.bundle' id='org.eclipse.equinox.p2.publisher.eclipse' version='1.4.0.v20210326-1217'>
      <properties size='1'>
        <property name='download.size' value='240727'/>
      </properties>
    </artifact>
    <artifact classifier='osgi.bundle' id='org.eclipse.oomph.ui' version='1.15.0.v20200820-0414'>
      <properties size='1'>
        <property name='download.size' value='392503'/>
      </properties>
    </artifact>
    <artifact classifier='osgi.bundle' id='org.eclipse.nebula.widgets.cdatetime' version='1.5.0.202104091720'>
      <properties size='1'>
        <property name='download.size' value='109193'/>
      </properties>
    </artifact>
    <artifact classifier='osgi.bundle' id='org.eclipse.e4.ui.css.swt.theme' version='0.13.0.v20201026-1147'>
      <properties size='1'>
        <property name='download.size' value='28387'/>
      </properties>
    </artifact>
    <artifact classifier='osgi.bundle' id='org.apache.httpcomponents.httpclient' version='4.5.10.v20200830-2311'>
      <properties size='1'>
        <property name='download.size' value='1040186'/>
      </properties>
    </artifact>
    <artifact classifier='osgi.bundle' id='org.eclipse.nebula.cwt' version='1.1.0.202104091720'>
      <properties size='1'>
        <property name='download.size' value='157985'/>
      </properties>
    </artifact>
    <artifact classifier='osgi.bundle' id='org.eclipse.e4.core.di.extensions.supplier' version='0.15.800.v20210110-1654'>
      <properties size='1'>
        <property name='download.size' value='35300'/>
      </properties>
    </artifact>
    <artifact classifier='osgi.bundle' id='org.eclipse.emf.common.ui' version='2.18.0.v20190507-0402'>
      <properties size='1'>
        <property name='download.size' value='164848'/>
      </properties>
    </artifact>
    <artifact classifier='osgi.bundle' id='org.eclipse.emf.edit' version='2.16.0.v20190920-0401'>
      <properties size='1'>
        <property name='download.size' value='301709'/>
      </properties>
    </artifact>
    <artifact classifier='osgi.bundle' id='org.eclipse.e4.core.contexts' version='1.8.400.v20191217-1710'>
      <properties size='1'>
        <property name='download.size' value='48527'/>
      </properties>
    </artifact>
    <artifact classifier='org.eclipse.update.feature' id='org.eclipse.emf.ecore' version='2.24.0.v20210405-0628'>
      <properties size='1'>
        <property name='download.size' value='19557'/>
      </properties>
      <repositoryProperties size='1'>
        <property name='artifact.folder' value='true'/>
      </repositoryProperties>
    </artifact>
    <artifact classifier='osgi.bundle' id='org.apache.httpcomponents.httpcore' version='4.4.12.v20200108-1212'>
      <properties size='1'>
        <property name='download.size' value='359067'/>
      </properties>
    </artifact>
    <artifact classifier='osgi.bundle' id='org.eclipse.equinox.p2.console' version='1.2.0.v20210315-2042'>
      <properties size='1'>
        <property name='download.size' value='28724'/>
      </properties>
    </artifact>
    <artifact classifier='osgi.bundle' id='org.eclipse.oomph.jreinfo' version='1.14.0.v20200901-1012'>
      <properties size='1'>
        <property name='download.size' value='37362'/>
      </properties>
    </artifact>
    <artifact classifier='osgi.bundle' id='org.w3c.css.sac' version='1.3.1.v200903091627'>
      <properties size='1'>
        <property name='download.size' value='36448'/>
      </properties>
    </artifact>
    <artifact classifier='osgi.bundle' id='org.eclipse.equinox.p2.updatesite' version='1.2.0.v20210322-0909'>
      <properties size='1'>
        <property name='download.size' value='100957'/>
      </properties>
    </artifact>
    <artifact classifier='osgi.bundle' id='org.eclipse.jface' version='3.22.200.v20210401-0958'>
      <properties size='1'>
        <property name='download.size' value='1130126'/>
      </properties>
    </artifact>
    <artifact classifier='osgi.bundle' id='org.apache.batik.css' version='1.14.0.v20210324-0332'>
      <properties size='1'>
        <property name='download.size' value='362078'/>
      </properties>
    </artifact>
    <artifact classifier='osgi.bundle' id='org.eclipse.equinox.p2.director' version='2.5.0.v20210325-0750'>
      <properties size='1'>
        <property name='download.size' value='109710'/>
      </properties>
    </artifact>
    <artifact classifier='osgi.bundle' id='org.eclipse.e4.emf.xpath' version='0.2.800.v20200609-0849'>
      <properties size='1'>
        <property name='download.size' value='51364'/>
      </properties>
    </artifact>
    <artifact classifier='osgi.bundle' id='org.eclipse.equinox.p2.repository' version='2.5.100.v20210329-1206'>
      <properties size='1'>
        <property name='download.size' value='142656'/>
      </properties>
    </artifact>
    <artifact classifier='osgi.bundle' id='org.eclipse.urischeme' version='1.1.400.v20210407-1558'>
      <properties size='1'>
        <property name='download.size' value='52374'/>
      </properties>
    </artifact>
    <artifact classifier='osgi.bundle' id='org.eclipse.oomph.base.edit' version='1.13.0.v20200720-0841'>
      <properties size='1'>
        <property name='download.size' value='64317'/>
      </properties>
    </artifact>
    <artifact classifier='osgi.bundle' id='org.eclipse.e4.ui.model.workbench' version='2.1.1000.v20210111-0958'>
      <properties size='1'>
        <property name='download.size' value='397677'/>
      </properties>
    </artifact>
    <artifact classifier='osgi.bundle' id='org.eclipse.update.configurator' version='3.4.800.v20210409-1814'>
      <properties size='1'>
        <property name='download.size' value='96374'/>
      </properties>
    </artifact>
  </artifacts>
</repository>
