<?xml version="1.0" encoding="UTF-8"?>
<config date="1618129943870" transient="false">
	<site updateable="true" url="platform:/base/" enabled="true" policy="USER-EXCLUDE">
		<feature id="org.eclipse.emf.edit" version="2.16.0.v20190920-0401" url="features/org.eclipse.emf.edit_2.16.0.v20190920-0401/">
		</feature>
		<feature id="org.eclipse.ecf.filetransfer.feature" version="3.14.1702.v20210326-0343" url="features/org.eclipse.ecf.filetransfer.feature_3.14.1702.v20210326-0343/">
		</feature>
		<feature id="org.eclipse.emf.ecore" version="2.24.0.v20210405-0628" url="features/org.eclipse.emf.ecore_2.24.0.v20210405-0628/">
		</feature>
		<feature id="org.eclipse.emf.common" version="2.22.0.v20210319-0732" url="features/org.eclipse.emf.common_2.22.0.v20210319-0732/">
		</feature>
		<feature id="org.eclipse.oomph.setup.installer" version="1.21.0.v20210411-0650" url="features/org.eclipse.oomph.setup.installer_1.21.0.v20210411-0650/">
		</feature>
		<feature id="org.eclipse.emf.edit.ui" version="2.21.0.v20210405-0904" url="features/org.eclipse.emf.edit.ui_2.21.0.v20210405-0904/">
		</feature>
		<feature id="org.eclipse.rcp" version="4.20.0.v20210410-1800" url="features/org.eclipse.rcp_4.20.0.v20210410-1800/">
		</feature>
		<feature id="org.eclipse.ecf.filetransfer.httpclient45.feature" version="1.0.702.v20210326-0550" url="features/org.eclipse.ecf.filetransfer.httpclient45.feature_1.0.702.v20210326-0550/">
		</feature>
		<feature id="org.eclipse.ecf.core.feature" version="1.5.701.v20210326-0550" url="features/org.eclipse.ecf.core.feature_1.5.701.v20210326-0550/">
		</feature>
		<feature id="org.eclipse.ecf.filetransfer.ssl.feature" version="1.1.400.v20210320-0251" url="features/org.eclipse.ecf.filetransfer.ssl.feature_1.1.400.v20210320-0251/">
		</feature>
		<feature id="org.eclipse.emf.common.ui" version="2.17.0.v20190507-0402" url="features/org.eclipse.emf.common.ui_2.17.0.v20190507-0402/">
		</feature>
		<feature id="org.eclipse.equinox.p2.core.feature" version="1.6.1000.v20210331-1610" url="features/org.eclipse.equinox.p2.core.feature_1.6.1000.v20210331-1610/">
		</feature>
		<feature id="org.eclipse.oomph.p2" version="1.19.0.v20210330-1145" url="features/org.eclipse.oomph.p2_1.19.0.v20210330-1145/">
		</feature>
		<feature id="org.eclipse.e4.rcp" version="4.20.0.v20210410-1038" url="features/org.eclipse.e4.rcp_4.20.0.v20210410-1038/">
		</feature>
		<feature id="org.eclipse.ecf.core.ssl.feature" version="1.1.500.v20210320-0209" url="features/org.eclipse.ecf.core.ssl.feature_1.1.500.v20210320-0209/">
		</feature>
	</site>
</config>
